./.gitignore	1384 bytes
./.gitkeep	0 bytes
./.prettierignore	42 bytes
./.prettierrc	310 bytes
./ASSETS.md	1440 bytes
./ASSET_FILE_LIST.tsv	853 bytes
./FALLING_ASSET_SYSTEM.md	2679 bytes
./MEMORY.md	464 bytes
./PLAN.md	1481 bytes
./README.md	2518 bytes
./SOURCE_MANIFEST.tsv	0 bytes
./STRUCTURE.md	927 bytes
./brand-reference-library/00_START_HERE.md	4924 bytes
./brand-reference-library/01_Brand_Core/01_Logo_and_Brand_Marks/Fatsandwich_Logo_Purple_Burst_Reference.jpeg	177629 bytes
./brand-reference-library/01_Brand_Core/02_Patterns_and_Packaging/Fatsandwich_Burst_Pattern_Reference.jpeg	385483 bytes
./brand-reference-library/01_Brand_Core/02_Patterns_and_Packaging/Fatsandwich_Craft_Paper_Bag.pdf	1687209 bytes
./brand-reference-library/01_Brand_Core/03_Brand_Guides/Fatsandwich_Brand_Design_Skill.md	9744 bytes
./brand-reference-library/01_Brand_Core/03_Brand_Guides/Fatsandwich_Character_Guide.md	8200 bytes
./brand-reference-library/01_Brand_Core/03_Brand_Guides/Fatsandwich_Prompt_Examples.md	4636 bytes
./brand-reference-library/01_Brand_Core/03_Brand_Guides/Fatsandwich_Working_Palette.json	1373 bytes
./brand-reference-library/02_Character_Artwork/01_Full_Artwork_JPEG/Birdman.jpeg	198802 bytes
./brand-reference-library/02_Character_Artwork/01_Full_Artwork_JPEG/Captain Tuna.jpeg	261724 bytes
./brand-reference-library/02_Character_Artwork/01_Full_Artwork_JPEG/Chop-Chop.jpeg	682412 bytes
./brand-reference-library/02_Character_Artwork/01_Full_Artwork_JPEG/Egghead.jpeg	184988 bytes
./brand-reference-library/02_Character_Artwork/01_Full_Artwork_JPEG/Lil Sprout.jpeg	153526 bytes
./brand-reference-library/02_Character_Artwork/01_Full_Artwork_JPEG/PB&J.jpeg	263969 bytes
./brand-reference-library/02_Character_Artwork/01_Full_Artwork_JPEG/Pastrami Mami.jpeg	145782 bytes
./brand-reference-library/02_Character_Artwork/01_Full_Artwork_JPEG/Runny Sunny.jpeg	223903 bytes
./brand-reference-library/02_Character_Artwork/01_Full_Artwork_JPEG/The Fat Sandwich.jpeg	67490 bytes
./brand-reference-library/02_Character_Artwork/01_Full_Artwork_JPEG/Uncle Kraut.jpeg	228277 bytes
./brand-reference-library/02_Character_Artwork/02_Transparent_Cutouts_PNG/Birdman.png	1830897 bytes
./brand-reference-library/02_Character_Artwork/02_Transparent_Cutouts_PNG/Captain Tuna.png	1974993 bytes
./brand-reference-library/02_Character_Artwork/02_Transparent_Cutouts_PNG/Chop-Chop.png	2416353 bytes
./brand-reference-library/02_Character_Artwork/02_Transparent_Cutouts_PNG/Egghead.png	1451639 bytes
./brand-reference-library/02_Character_Artwork/02_Transparent_Cutouts_PNG/Lil Sprout.png	1378107 bytes
./brand-reference-library/02_Character_Artwork/02_Transparent_Cutouts_PNG/PB&J.png	2386496 bytes
./brand-reference-library/02_Character_Artwork/02_Transparent_Cutouts_PNG/Pastrami Mami No BG.png	2337189 bytes
./brand-reference-library/02_Character_Artwork/02_Transparent_Cutouts_PNG/Runny Sunny No BG.png	2469138 bytes
./brand-reference-library/02_Character_Artwork/02_Transparent_Cutouts_PNG/The Fat Sandwich.png	798844 bytes
./brand-reference-library/02_Character_Artwork/02_Transparent_Cutouts_PNG/Uncle Kraut.png	2046144 bytes
./brand-reference-library/02_Character_Artwork/02_Transparent_Cutouts_PNG/pixelcut-export-5.png	7560120 bytes
./brand-reference-library/02_Character_Artwork/02_Transparent_Cutouts_PNG/pixelcut-export-6.png	2605112 bytes
./brand-reference-library/02_Character_Artwork/03_Original_Source_Archive/Fatsandwich_Characters_Original_Source.zip	31432607 bytes
./brand-reference-library/03_Food_Photography/01_Menu_Product_Photos/Birdman.webp	135552 bytes
./brand-reference-library/03_Food_Photography/01_Menu_Product_Photos/Captain_Tuna.webp	136214 bytes
./brand-reference-library/03_Food_Photography/01_Menu_Product_Photos/Chop_Chop.webp	129158 bytes
./brand-reference-library/03_Food_Photography/01_Menu_Product_Photos/Pastrami_Mami.webp	134046 bytes
./brand-reference-library/03_Food_Photography/01_Menu_Product_Photos/Roast_Beast.JPG	103524 bytes
./brand-reference-library/03_Food_Photography/01_Menu_Product_Photos/Uncle_Kraut.webp	127078 bytes
./brand-reference-library/04_Product_and_Packaging_References/01_Wrap_References/Wrap_Reference_01.jpg	34225 bytes
./brand-reference-library/04_Product_and_Packaging_References/01_Wrap_References/Wrap_Reference_02.webp	260406 bytes
./brand-reference-library/04_Product_and_Packaging_References/02_1m_Sandwich_and_Box_References/Fatsandwich_1m_Sandwich_Reference.webp	115940 bytes
./brand-reference-library/04_Product_and_Packaging_References/02_1m_Sandwich_and_Box_References/Giant_Sharing_Box_Reference.png	219371 bytes
./brand-reference-library/04_Product_and_Packaging_References/03_Other_Visual_References/Game_Controller_Reference.png	397025 bytes
./brand-reference-library/05_Event_Stand_and_Game_Inspiration/Event_Inspiration_01.jpeg	28585 bytes
./brand-reference-library/05_Event_Stand_and_Game_Inspiration/Event_Inspiration_02.jpeg	144251 bytes
./brand-reference-library/05_Event_Stand_and_Game_Inspiration/Event_Inspiration_03.jpeg	135744 bytes
./brand-reference-library/05_Event_Stand_and_Game_Inspiration/Event_Inspiration_04.jpeg	145349 bytes
./brand-reference-library/05_Event_Stand_and_Game_Inspiration/Event_Inspiration_05.jpeg	145349 bytes
./brand-reference-library/05_Event_Stand_and_Game_Inspiration/Event_Inspiration_06.jpeg	338570 bytes
./brand-reference-library/05_Event_Stand_and_Game_Inspiration/Event_Inspiration_07.jpeg	338570 bytes
./brand-reference-library/06_Project_Briefs/Pickle_Party_PR_Kit_Brief.txt	3068 bytes
./brand-reference-library/99_Original_User_Uploads/3ZI326MM5FFDTLBQEOFHVXLOSE.webp	260406 bytes
./brand-reference-library/99_Original_User_Uploads/Birdman.webp	135552 bytes
./brand-reference-library/99_Original_User_Uploads/CRAFTPAPERBAG.pdf	1687209 bytes
./brand-reference-library/99_Original_User_Uploads/CaptainTuna.webp	136214 bytes
./brand-reference-library/99_Original_User_Uploads/Characters-20260804T134028Z-1-001.zip	31432607 bytes
./brand-reference-library/99_Original_User_Uploads/ChopChop.webp	129158 bytes
./brand-reference-library/99_Original_User_Uploads/PastramiMami.webp	134046 bytes
./brand-reference-library/99_Original_User_Uploads/RoastBeast.JPG	103524 bytes
./brand-reference-library/99_Original_User_Uploads/UncleKraut.webp	127078 bytes
./brand-reference-library/99_Original_User_Uploads/WhatsAppImage2026-07-23at12.09.05PM.jpeg	177629 bytes
./brand-reference-library/99_Original_User_Uploads/WhatsAppImage2026-07-23at12.09.09PM.jpeg	385483 bytes
./brand-reference-library/99_Original_User_Uploads/WhatsAppImage2026-08-14at9.52.08PM.jpeg	28585 bytes
./brand-reference-library/99_Original_User_Uploads/WhatsAppImage2026-08-17at3.57.41PM.jpeg	144251 bytes
./brand-reference-library/99_Original_User_Uploads/WhatsAppImage2026-08-17at4.04.47PM.jpeg	135744 bytes
./brand-reference-library/99_Original_User_Uploads/WhatsAppImage2026-08-17at4.09.13PM(1).jpeg	145349 bytes
./brand-reference-library/99_Original_User_Uploads/WhatsAppImage2026-08-17at4.09.13PM.jpeg	145349 bytes
./brand-reference-library/99_Original_User_Uploads/WhatsAppImage2026-08-17at6.31.05PM(1).jpeg	338570 bytes
./brand-reference-library/99_Original_User_Uploads/WhatsAppImage2026-08-17at6.31.05PM.jpeg	338570 bytes
./brand-reference-library/99_Original_User_Uploads/fatsandwich_1meter(1).webp	115940 bytes
./brand-reference-library/99_Original_User_Uploads/images(3).jpg	34225 bytes
./brand-reference-library/99_Original_User_Uploads/pasted_content.txt	3068 bytes
./brand-reference-library/99_Original_User_Uploads/pasted_file_cwqvao_image.png	397025 bytes
./brand-reference-library/99_Original_User_Uploads/pasted_file_dmmN2c_image.png	219371 bytes
./brand-reference-library/ASSET_MANIFEST.csv	9931 bytes
./client/index.html	489 bytes
./client/public/.gitkeep	0 bytes
./client/public/__manus__/debug-collector.js	25168 bytes
./client/public/__manus__/version.json	57 bytes
./client/public/assets/captain-tuna-scorekeeper.png	1974993 bytes
./client/public/assets/fatsandwich-logo-purple-burst.jpeg	177629 bytes
./client/public/assets/pastrami-ingredient-sticker.png	3239651 bytes
./client/public/assets/pastrami-ingredient-sticker_original.png	3255975 bytes
./client/public/assets/pastrami-mami-host.png	2337189 bytes
./client/public/assets/roast-beef-ingredient-sticker.png	4821217 bytes
./client/public/assets/roast-beef-ingredient-sticker_original.png	3397606 bytes
./client/public/assets/super-stack-deli-counter-game-world.png	495 bytes
./client/public/assets/super-stack-deli-counter-screen-mockup.png	7125185 bytes
./client/public/assets/super-stack-deli-paper-bg.png	5970037 bytes
./client/public/assets/super-stack-fall-lane-art-direction.png	6085132 bytes
./client/public/assets/super-stack-icon.png	6802974 bytes
./client/public/assets/super-stack-icon_original.png	5407078 bytes
./client/public/assets/super-stack-protein-assets.png	5943562 bytes
./client/public/assets/super-stack-topping-hazard-assets.png	5789200 bytes
./client/public/assets/the-fat-sandwich-player.png	798844 bytes
./client/public/assets/turkey-ingredient-sticker.png	4052205 bytes
./client/public/assets/turkey-ingredient-sticker_original.png	2936054 bytes
./client/src/App.tsx	199 bytes
./client/src/components/ErrorBoundary.tsx	1688 bytes
./client/src/components/GameCanvas.tsx	1298 bytes
./client/src/components/ManusDialog.tsx	2370 bytes
./client/src/components/Map.tsx	4932 bytes
./client/src/components/ui/accordion.tsx	2048 bytes
./client/src/components/ui/alert-dialog.tsx	3866 bytes
./client/src/components/ui/alert.tsx	1622 bytes
./client/src/components/ui/aspect-ratio.tsx	269 bytes
./client/src/components/ui/avatar.tsx	1090 bytes
./client/src/components/ui/badge.tsx	1639 bytes
./client/src/components/ui/breadcrumb.tsx	2371 bytes
./client/src/components/ui/button-group.tsx	2220 bytes
./client/src/components/ui/button.tsx	2097 bytes
./client/src/components/ui/calendar.tsx	7663 bytes
./client/src/components/ui/card.tsx	1997 bytes
./client/src/components/ui/carousel.tsx	5603 bytes
./client/src/components/ui/chart.tsx	10113 bytes
./client/src/components/ui/checkbox.tsx	1218 bytes
./client/src/components/ui/collapsible.tsx	791 bytes
./client/src/components/ui/command.tsx	4838 bytes
./client/src/components/ui/context-menu.tsx	8284 bytes
./client/src/components/ui/dialog.tsx	6024 bytes
./client/src/components/ui/drawer.tsx	4255 bytes
./client/src/components/ui/dropdown-menu.tsx	8434 bytes
./client/src/components/ui/empty.tsx	2406 bytes
./client/src/components/ui/field.tsx	6057 bytes
./client/src/components/ui/form.tsx	3801 bytes
./client/src/components/ui/hover-card.tsx	1525 bytes
./client/src/components/ui/input-group.tsx	5066 bytes
./client/src/components/ui/input-otp.tsx	2253 bytes
./client/src/components/ui/input.tsx	2728 bytes
./client/src/components/ui/item.tsx	4513 bytes
./client/src/components/ui/kbd.tsx	866 bytes
./client/src/components/ui/label.tsx	602 bytes
./client/src/components/ui/menubar.tsx	8405 bytes
./client/src/components/ui/navigation-menu.tsx	6680 bytes
./client/src/components/ui/pagination.tsx	2726 bytes
./client/src/components/ui/popover.tsx	1629 bytes
./client/src/components/ui/progress.tsx	731 bytes
./client/src/components/ui/radio-group.tsx	1459 bytes
./client/src/components/ui/resizable.tsx	2023 bytes
./client/src/components/ui/scroll-area.tsx	1637 bytes
./client/src/components/ui/select.tsx	6297 bytes
./client/src/components/ui/separator.tsx	690 bytes
./client/src/components/ui/sheet.tsx	4107 bytes
./client/src/components/ui/sidebar.tsx	21947 bytes
./client/src/components/ui/skeleton.tsx	279 bytes
./client/src/components/ui/slider.tsx	1988 bytes
./client/src/components/ui/sonner.tsx	561 bytes
./client/src/components/ui/spinner.tsx	335 bytes
./client/src/components/ui/switch.tsx	1168 bytes
./client/src/components/ui/table.tsx	2445 bytes
./client/src/components/ui/tabs.tsx	1963 bytes
./client/src/components/ui/textarea.tsx	2613 bytes
./client/src/components/ui/toggle-group.tsx	1936 bytes
./client/src/components/ui/toggle.tsx	1563 bytes
./client/src/components/ui/tooltip.tsx	1886 bytes
./client/src/const.ts	643 bytes
./client/src/contexts/ThemeContext.tsx	1467 bytes
./client/src/game/SuperStackGame.tsx	14680 bytes
./client/src/game/assets.ts	681 bytes
./client/src/game/scene.ts	860 bytes
./client/src/hooks/useComposition.ts	2333 bytes
./client/src/hooks/useMobile.tsx	584 bytes
./client/src/hooks/usePersistFn.ts	471 bytes
./client/src/index.css	19984 bytes
./client/src/lib/utils.ts	169 bytes
./client/src/main.tsx	157 bytes
./client/src/pages/Home.tsx	212 bytes
./client/src/pages/NotFound.tsx	1756 bytes
./components.json	388 bytes
./ideas.md	4382 bytes
./package.json	3393 bytes
./patches/wouter@3.7.1.patch	918 bytes
./pnpm-lock.yaml	260625 bytes
./server/index.ts	919 bytes
./shared/const.ts	99 bytes
./template.json	14343 bytes
./todo.md	1073 bytes
./tsconfig.json	657 bytes
./tsconfig.node.json	479 bytes
./vite.config.ts	7501 bytes
